config,run,tokens_in,tokens_out,tokens_total,cost,duration_ms
1-no-tools,1,15,1720,2631,0.0004862088000000001,27738
1-no-tools,2,15,198,1109,6.004880000000001e-05,3946
2-builtin-mapper,1,18116,8044,308528,0.005579190400000001,83476
2-builtin-mapper,2,11799,6013,254484,0.0039981816,68790
3-builtin-mapper-structural,1,29041,5965,462910,0.006934071199999999,77911
3-builtin-mapper-structural,2,19487,4147,136658,0.004205807200000001,47012
4-builtin-mapper-structural-rg,1,12011,3293,92104,0.00281862,35783
4-builtin-mapper-structural-rg,2,18486,4969,316959,0.004801171200000001,66908
